date,close,high,low,open,volume,ticker,fetched_at,daily_return,ma_7,ma_30,daily_range
2025-12-29,273.5041,274.1035,272.0954,272.4351,23715200,AAPL,2026-03-27 20:30:02.538671,,,,2.0081
2025-12-30,272.8247,273.8238,272.0255,272.555,22139600,AAPL,2026-03-27 20:30:02.538671,-0.2484,,,1.7983
2025-12-31,271.6058,273.4241,271.496,272.8047,27293600,AAPL,2026-03-27 20:30:02.538671,-0.4468,,,1.9282
2026-01-02,270.7567,277.5803,268.7485,272.0055,37838100,AAPL,2026-03-27 20:30:02.538671,-0.3127,,,8.8317
2026-01-05,267.0102,271.2562,265.8912,270.387,45647200,AAPL,2026-03-27 20:30:02.538671,-1.3837,,,5.365
2026-01-06,262.1147,267.2999,261.8749,266.7504,52352100,AAPL,2026-03-27 20:30:02.538671,-1.8334,,,5.4249
2026-01-07,260.0866,263.4335,259.5671,262.954,48309800,AAPL,2026-03-27 20:30:02.538671,-0.7737,268.2718,,3.8664
2026-01-08,258.7979,259.0476,255.461,256.7797,50419300,AAPL,2026-03-27 20:30:02.538671,-0.4955,266.1709,,3.5867
2026-01-09,259.1275,259.9667,255.9805,258.8378,39997000,AAPL,2026-03-27 20:30:02.538671,0.1274,264.2142,,3.9863
2026-01-12,260.0067,261.0557,256.5599,258.9177,45263800,AAPL,2026-03-27 20:30:02.538671,0.3393,262.5572,,4.4958
2026-01-13,260.8059,261.5652,258.1485,258.4781,45730800,AAPL,2026-03-27 20:30:02.538671,0.3074,261.1356,,3.4168
2026-01-14,259.717,261.5753,256.47,259.2474,40019400,AAPL,2026-03-27 20:30:02.538671,-0.4175,260.0938,,5.1052
2026-01-15,257.9686,260.796,256.8097,260.4063,39388600,AAPL,2026-03-27 20:30:02.538671,-0.6732,259.5015,,3.9863
2026-01-16,255.2911,258.658,254.6917,257.6589,72142800,AAPL,2026-03-27 20:30:02.538671,-1.0379,258.8164,,3.9663
2026-01-20,246.4694,254.5518,243.1924,252.4937,80267500,AAPL,2026-03-27 20:30:02.538671,-3.4556,257.0552,,11.3594
2026-01-21,247.4185,251.3248,244.9508,248.4675,54641700,AAPL,2026-03-27 20:30:02.538671,0.3851,255.3825,,6.374
2026-01-22,248.1178,250.7654,247.918,248.967,39708300,AAPL,2026-03-27 20:30:02.538671,0.2827,253.684,,2.8473
2026-01-23,247.8081,249.1769,244.4513,247.0888,41689000,AAPL,2026-03-27 20:30:02.538671,-0.1248,251.8272,,4.7256
2026-01-26,255.1712,256.3202,249.5665,251.2449,55969200,AAPL,2026-03-27 20:30:02.538671,2.9713,251.1778,,6.7537
2026-01-27,258.0285,261.7051,257.9686,258.9277,49648300,AAPL,2026-03-27 20:30:02.538671,1.1198,251.1864,,3.7365
2026-01-28,256.2003,258.618,254.2721,257.4091,41288000,AAPL,2026-03-27 20:30:02.538671,-0.7085,251.3163,,4.3459
2026-01-29,258.0385,259.4073,254.1722,257.7588,67253000,AAPL,2026-03-27 20:30:02.538671,0.7175,252.969,,5.2351
2026-01-30,259.2374,261.6551,251.9442,254.9314,92443400,AAPL,2026-03-27 20:30:02.538671,0.4646,254.6574,,9.7109
2026-02-02,269.7576,270.2371,258.9677,259.7869,73913400,AAPL,2026-03-27 20:30:02.538671,4.0581,257.7488,,11.2695
2026-02-03,269.2281,271.6258,267.3598,268.9484,64394700,AAPL,2026-03-27 20:30:02.538671,-0.1963,260.8088,,4.266
2026-02-04,276.2315,278.6892,272.0355,272.0355,90545700,AAPL,2026-03-27 20:30:02.538671,2.6013,263.8174,,6.6538
2026-02-05,275.6521,279.2387,272.9746,277.87,52977400,AAPL,2026-03-27 20:30:02.538671,-0.2098,266.3351,,6.2641
2026-02-06,277.86,280.6474,276.6711,276.8609,50453400,AAPL,2026-03-27 20:30:02.538671,0.801,269.4293,,3.9763
2026-02-09,274.62,278.2,271.7,277.91,44623400,AAPL,2026-03-27 20:30:02.538671,-1.1661,271.7981,,6.5
2026-02-10,273.68,275.37,272.94,274.89,34376900,AAPL,2026-03-27 20:30:02.538671,-0.3423,273.8613,262.7712,2.43
2026-02-11,275.5,280.18,274.45,274.7,51931300,AAPL,2026-03-27 20:30:02.538671,0.665,274.6817,262.8378,5.73
2026-02-12,261.73,275.72,260.18,275.59,81077200,AAPL,2026-03-27 20:30:02.538671,-4.9982,273.6105,262.4679,15.54
2026-02-13,255.78,262.23,255.45,262.01,56290700,AAPL,2026-03-27 20:30:02.538671,-2.2733,270.6889,261.9404,6.78
2026-02-17,263.88,266.29,255.54,258.05,58469100,AAPL,2026-03-27 20:30:02.538671,3.1668,269.0071,261.7112,10.75
2026-02-18,264.35,266.82,262.45,263.6,34203300,AAPL,2026-03-27 20:30:02.538671,0.1781,267.0771,261.6225,4.37
2026-02-19,260.58,264.48,260.05,262.6,30845300,AAPL,2026-03-27 20:30:02.538671,-1.4261,265.0714,261.5713,4.43
2026-02-20,264.58,264.75,258.16,258.97,42070500,AAPL,2026-03-27 20:30:02.538671,1.535,263.7714,261.7211,6.59
2026-02-23,266.18,269.43,263.38,263.49,37308200,AAPL,2026-03-27 20:30:02.538671,0.6047,262.44,261.9672,6.05
2026-02-24,272.14,274.89,267.71,267.86,47014600,AAPL,2026-03-27 20:30:02.538671,2.2391,263.9271,262.4009,7.18
2026-02-25,274.23,274.94,271.05,271.78,33714300,AAPL,2026-03-27 20:30:02.538671,0.768,266.5629,262.8751,3.89
2026-02-26,272.95,276.11,270.8,274.95,32345100,AAPL,2026-03-27 20:30:02.538671,-0.4668,267.8586,263.2799,5.31
2026-02-27,264.18,272.81,262.89,272.81,72366500,AAPL,2026-03-27 20:30:02.538671,-3.213,267.8343,263.4286,9.92
2026-03-02,264.72,266.53,260.2,262.41,41827900,AAPL,2026-03-27 20:30:02.538671,0.2044,268.4257,263.6537,6.33
2026-03-03,263.75,265.56,260.13,263.48,38568900,AAPL,2026-03-27 20:30:02.538671,-0.3664,268.3071,263.9356,5.43
2026-03-04,262.52,266.15,261.42,264.65,39803100,AAPL,2026-03-27 20:30:02.538671,-0.4664,267.7843,264.4707,4.73
2026-03-05,260.29,261.56,257.25,260.79,49658600,AAPL,2026-03-27 20:30:02.538671,-0.8495,266.0914,264.8997,4.31
2026-03-06,257.46,258.77,254.37,258.63,41120000,AAPL,2026-03-27 20:30:02.538671,-1.0873,263.6957,265.2111,4.4
2026-03-09,259.88,261.15,253.68,255.69,38218500,AAPL,2026-03-27 20:30:02.538671,0.94,261.8286,265.6135,7.47
2026-03-10,260.83,262.48,256.95,257.65,30590800,AAPL,2026-03-27 20:30:02.538671,0.3655,261.35,265.8021,5.53
2026-03-11,260.81,262.13,259.55,261.09,26218900,AAPL,2026-03-27 20:30:02.538671,-0.0077,260.7914,265.8948,2.58
2026-03-12,255.76,258.95,254.18,258.66,40794000,AAPL,2026-03-27 20:30:02.538671,-1.9363,259.65,265.8802,4.77
2026-03-13,250.12,256.33,249.52,255.48,36930000,AAPL,2026-03-27 20:30:02.538671,-2.2052,257.8786,265.6162,6.81
2026-03-16,252.82,253.89,249.88,252.11,32074200,AAPL,2026-03-27 20:30:02.538671,1.0795,256.8114,265.4023,4.01
2026-03-17,254.23,255.13,252.18,252.96,32361600,AAPL,2026-03-27 20:30:02.538671,0.5577,256.35,264.8847,2.95
2026-03-18,249.94,254.94,249.0,252.63,35757900,AAPL,2026-03-27 20:30:02.538671,-1.6874,254.93,264.2418,5.94
2026-03-19,248.96,251.83,247.3,249.4,34864100,AAPL,2026-03-27 20:30:02.538671,-0.3921,253.2343,263.3327,4.53
2026-03-20,247.99,249.2,246.0,247.98,88331100,AAPL,2026-03-27 20:30:02.538671,-0.3896,251.4029,262.4107,3.2
2026-03-23,251.49,254.6,250.28,253.97,40546100,AAPL,2026-03-27 20:30:02.538671,1.4113,250.7929,261.5317,4.32
2026-03-24,251.64,254.83,249.55,250.35,45152300,AAPL,2026-03-27 20:30:02.538671,0.0596,251.01,260.7657,5.28
2026-03-25,252.62,255.0,251.6,254.1,28476700,AAPL,2026-03-27 20:30:02.538671,0.3894,250.9814,260.0637,3.4
2026-03-26,252.89,257.0,250.77,252.12,41796700,AAPL,2026-03-27 20:30:02.538671,0.1069,250.79,259.31,6.23
2026-03-27,248.46,255.493,248.25,253.91,30220546,AAPL,2026-03-27 20:30:02.538671,-1.7517,250.5786,258.8677,7.243
2025-12-29,232.07,232.6,230.77,231.94,19797900,AMZN,2026-03-27 20:30:03.368392,,,,1.83
2025-12-30,232.53,232.77,230.2,231.21,21910500,AMZN,2026-03-27 20:30:03.368392,0.1982,,,2.57
2025-12-31,230.82,232.99,230.12,232.91,24383700,AMZN,2026-03-27 20:30:03.368392,-0.7354,,,2.87
2026-01-02,226.5,235.46,224.7,231.34,51456200,AMZN,2026-03-27 20:30:03.368392,-1.8716,,,10.76
2026-01-05,233.06,234.0,227.18,228.84,49733300,AMZN,2026-03-27 20:30:03.368392,2.8962,,,6.82
2026-01-06,240.93,243.18,232.07,232.1,53764700,AMZN,2026-03-27 20:30:03.368392,3.3768,,,11.11
2026-01-07,241.56,245.29,239.52,239.61,42236500,AMZN,2026-03-27 20:30:03.368392,0.2615,233.9243,,5.77
2026-01-08,246.29,246.41,241.88,243.06,39509800,AMZN,2026-03-27 20:30:03.368392,1.9581,235.9557,,4.53
2026-01-09,247.38,247.86,242.24,244.57,34560000,AMZN,2026-03-27 20:30:03.368392,0.4426,238.0771,,5.62
2026-01-12,246.47,248.94,245.96,246.73,35867800,AMZN,2026-03-27 20:30:03.368392,-0.3679,240.3129,,2.98
2026-01-13,242.6,247.66,240.25,246.53,38371800,AMZN,2026-03-27 20:30:03.368392,-1.5702,242.6129,,7.41
2026-01-14,236.65,241.28,236.22,241.15,41410600,AMZN,2026-03-27 20:30:03.368392,-2.4526,243.1257,,5.06
2026-01-15,238.18,240.65,236.63,239.31,43003600,AMZN,2026-03-27 20:30:03.368392,0.6465,242.7329,,4.02
2026-01-16,239.12,239.57,236.41,239.09,45888300,AMZN,2026-03-27 20:30:03.368392,0.3947,242.3843,,3.16
2026-01-20,231.0,235.09,229.34,233.76,47737900,AMZN,2026-03-27 20:30:03.368392,-3.3958,240.2,,5.75
2026-01-21,231.31,232.3,226.88,231.09,47276100,AMZN,2026-03-27 20:30:03.368392,0.1342,237.9043,,5.42
2026-01-22,234.34,235.72,230.9,234.05,31913300,AMZN,2026-03-27 20:30:03.368392,1.3099,236.1714,,4.82
2026-01-23,239.16,240.45,234.57,234.96,33778500,AMZN,2026-03-27 20:30:03.368392,2.0568,235.68,,5.88
2026-01-26,238.42,240.95,237.54,239.98,32825500,AMZN,2026-03-27 20:30:03.368392,-0.3094,235.9329,,3.41
2026-01-27,244.68,244.88,238.08,239.69,38029200,AMZN,2026-03-27 20:30:03.368392,2.6256,236.8614,,6.8
2026-01-28,243.01,247.78,241.53,246.37,40882700,AMZN,2026-03-27 20:30:03.368392,-0.6825,237.4171,,6.25
2026-01-29,241.73,243.0,236.74,242.82,47229600,AMZN,2026-03-27 20:30:03.368392,-0.5267,238.95,,6.26
2026-01-30,239.3,243.32,237.64,239.89,46585000,AMZN,2026-03-27 20:30:03.368392,-1.0053,240.0914,,5.68
2026-02-02,242.96,245.63,238.17,238.31,37546100,AMZN,2026-03-27 20:30:03.368392,1.5295,241.3229,,7.46
2026-02-03,238.62,246.35,235.45,244.98,53831300,AMZN,2026-03-27 20:30:03.368392,-1.7863,241.2457,,10.9
2026-02-04,232.99,238.86,231.82,238.86,51299900,AMZN,2026-03-27 20:30:03.368392,-2.3594,240.47,,7.04
2026-02-05,222.69,226.31,220.38,224.91,103509200,AMZN,2026-03-27 20:30:03.368392,-4.4208,237.3286,,5.93
2026-02-06,210.32,211.44,200.31,202.7,179210900,AMZN,2026-03-27 20:30:03.368392,-5.5548,232.6586,,11.13
2026-02-09,208.72,212.81,203.35,208.97,91178400,AMZN,2026-03-27 20:30:03.368392,-0.7607,227.9429,,9.46
2026-02-10,206.96,212.65,206.41,208.8,67175000,AMZN,2026-03-27 20:30:03.368392,-0.8432,223.3229,234.679,6.24
2026-02-11,204.08,208.57,202.49,208.06,65545500,AMZN,2026-03-27 20:30:03.368392,-1.3916,217.7686,233.746,6.08
2026-02-12,199.6,203.96,197.56,203.96,83975400,AMZN,2026-03-27 20:30:03.368392,-2.1952,212.1943,232.6483,6.4
2026-02-13,198.79,201.16,197.28,198.88,66321600,AMZN,2026-03-27 20:30:03.368392,-0.4058,207.3086,231.5807,3.88
2026-02-17,201.15,201.74,196.0,198.13,69879200,AMZN,2026-03-27 20:30:03.368392,1.1872,204.2314,230.7357,5.74
2026-02-18,204.79,206.86,201.51,202.07,51003300,AMZN,2026-03-27 20:30:03.368392,1.8096,203.4414,229.7933,5.35
2026-02-19,204.86,205.64,202.81,203.8,35669600,AMZN,2026-03-27 20:30:03.368392,0.0342,202.89,228.591,2.83
2026-02-20,210.11,211.17,203.75,204.76,65881600,AMZN,2026-03-27 20:30:03.368392,2.5627,203.34,227.5427,7.42
2026-02-23,205.27,208.43,203.11,208.1,53581500,AMZN,2026-03-27 20:30:03.368392,-2.3036,203.51,226.1753,5.32
2026-02-24,208.56,210.36,203.25,205.47,41137200,AMZN,2026-03-27 20:30:03.368392,1.6028,204.79,224.8813,7.11
2026-02-25,210.64,211.59,208.93,210.46,41346400,AMZN,2026-03-27 20:30:03.368392,0.9973,206.4829,223.687,2.66
2026-02-26,207.92,211.05,205.35,210.73,47756800,AMZN,2026-03-27 20:30:03.368392,-1.2913,207.45,222.531,5.7
2026-02-27,210.0,210.33,205.2,206.83,57422800,AMZN,2026-03-27 20:30:03.368392,1.0004,208.1943,221.6427,5.13
2026-03-02,208.39,209.73,203.46,204.55,46001000,AMZN,2026-03-27 20:30:03.368392,-0.7667,208.6986,220.6497,6.27
2026-03-03,208.73,209.18,202.48,203.1,43184900,AMZN,2026-03-27 20:30:03.368392,0.1632,208.5014,219.6367,6.7
2026-03-04,216.82,217.54,210.15,210.47,54731100,AMZN,2026-03-27 20:30:03.368392,3.8758,210.1514,219.164,7.39
2026-03-05,218.94,220.47,215.59,215.98,60943400,AMZN,2026-03-27 20:30:03.368392,0.9778,211.6343,218.7517,4.88
2026-03-06,213.21,217.32,212.53,214.99,51152700,AMZN,2026-03-27 20:30:03.368392,-2.6172,212.0014,218.0473,4.79
2026-03-09,213.49,213.82,207.11,210.45,54642900,AMZN,2026-03-27 20:30:03.368392,0.1313,212.7971,217.1917,6.71
2026-03-10,214.33,215.65,212.43,214.19,35678800,AMZN,2026-03-27 20:30:03.368392,0.3935,213.4157,216.3887,3.22
2026-03-11,212.65,217.0,211.35,215.71,34199300,AMZN,2026-03-27 20:30:03.368392,-0.7838,214.0243,215.321,5.65
2026-03-12,209.53,211.71,208.15,210.39,44349500,AMZN,2026-03-27 20:30:03.368392,-1.4672,214.1386,214.205,3.56
2026-03-13,207.67,210.56,206.22,209.61,35662100,AMZN,2026-03-27 20:30:03.368392,-0.8877,212.8314,213.0697,4.34
2026-03-16,211.74,212.72,207.45,208.35,42209300,AMZN,2026-03-27 20:30:03.368392,1.9598,211.8029,212.151,5.27
2026-03-17,215.2,215.7,212.43,212.82,44969900,AMZN,2026-03-27 20:30:03.368392,1.6341,212.0871,211.2257,3.27
2026-03-18,209.87,215.14,208.83,213.93,37846600,AMZN,2026-03-27 20:30:03.368392,-2.4768,211.57,210.2673,6.31
2026-03-19,208.76,209.12,206.05,207.06,36440600,AMZN,2026-03-27 20:30:03.368392,-0.5289,210.7743,209.4597,3.07
2026-03-20,205.37,207.54,204.32,207.4,63694600,AMZN,2026-03-27 20:30:03.368392,-1.6239,209.7343,208.8823,3.22
2026-03-23,210.14,212.8,209.51,209.79,44277400,AMZN,2026-03-27 20:30:03.368392,2.3226,209.8214,208.8763,3.29
2026-03-24,207.24,209.35,206.64,207.95,35351400,AMZN,2026-03-27 20:30:03.368392,-1.38,209.76,208.827,2.71
2026-03-25,211.71,213.07,209.9,211.56,36388800,AMZN,2026-03-27 20:30:03.368392,2.1569,209.7557,208.9853,3.17
2026-03-26,207.54,212.89,207.12,210.61,46746000,AMZN,2026-03-27 20:30:03.368392,-1.9697,208.6614,209.1007,5.77
2026-03-27,200.15,206.42,199.455,206.325,40608601,AMZN,2026-03-27 20:30:03.368392,-3.5608,207.2729,209.119,6.965
2025-12-29,313.3394,313.7991,310.4015,311.151,19621800,GOOGL,2026-03-27 20:30:02.813379,,,,3.3976
2025-12-30,313.6292,316.7271,312.2402,312.2802,17380900,GOOGL,2026-03-27 20:30:02.813379,0.0925,,,4.4869
2025-12-31,312.7798,314.3587,311.2209,312.6299,16377700,GOOGL,2026-03-27 20:30:02.813379,-0.2708,,,3.1378
2026-01-02,314.9283,322.2732,310.1117,316.6771,32009400,GOOGL,2026-03-27 20:30:02.813379,0.6869,,,12.1615
2026-01-05,316.3174,318.7956,314.4087,317.4366,30195600,GOOGL,2026-03-27 20:30:02.813379,0.4411,,,4.3869
2026-01-06,314.1189,320.7142,311.5607,316.1774,31212100,GOOGL,2026-03-27 20:30:02.813379,-0.695,,,9.1536
2026-01-07,321.7535,325.9206,313.969,314.1388,35104400,GOOGL,2026-03-27 20:30:02.813379,2.4305,315.2666,,11.9516
2026-01-08,325.2111,330.0876,321.2738,328.7386,31896100,GOOGL,2026-03-27 20:30:02.813379,1.0746,316.9626,,8.8138
2026-01-09,328.3389,330.5973,325.5708,326.8599,26214200,GOOGL,2026-03-27 20:30:02.813379,0.9618,319.064,,5.0265
2026-01-12,331.6265,333.805,324.7714,325.5708,33923900,GOOGL,2026-03-27 20:30:02.813379,1.0013,321.7564,,9.0336
2026-01-13,335.7337,340.2505,333.3853,334.7144,33517600,GOOGL,2026-03-27 20:30:02.813379,1.2385,324.7286,,6.8652
2026-01-14,335.6038,336.2833,330.2475,334.8243,28525600,GOOGL,2026-03-27 20:30:02.813379,-0.0387,327.4838,,6.0357
2026-01-15,332.5459,337.4524,330.5073,337.4125,28442400,GOOGL,2026-03-27 20:30:02.813379,-0.9112,330.1162,,6.9451
2026-01-16,329.7679,334.4146,327.4695,334.1748,40341600,GOOGL,2026-03-27 20:30:02.813379,-0.8354,331.2611,,6.9451
2026-01-20,321.7735,327.4995,320.2046,320.6443,35361000,GOOGL,2026-03-27 20:30:02.813379,-2.4242,330.77,,7.2949
2026-01-21,328.149,332.2461,319.1254,320.6943,35386600,GOOGL,2026-03-27 20:30:02.813379,1.9814,330.7429,,13.1208
2026-01-22,330.3075,334.9142,328.5187,334.2147,26253600,GOOGL,2026-03-27 20:30:02.813379,0.6578,330.5545,,6.3955
2026-01-23,327.6993,333.4553,327.2197,332.2561,27280000,GOOGL,2026-03-27 20:30:02.813379,-0.7896,329.4067,,6.2356
2026-01-26,333.0256,335.6037,326.77,327.5794,26042100,GOOGL,2026-03-27 20:30:02.813379,1.6254,329.0384,,8.8338
2026-01-27,334.3146,337.6723,333.2454,335.1341,21636200,GOOGL,2026-03-27 20:30:02.813379,0.3871,329.2911,,4.4269
2026-01-28,335.7737,337.3026,331.7065,335.8236,27434400,GOOGL,2026-03-27 20:30:02.813379,0.4364,330.149,,5.5961
2026-01-29,338.0121,342.0492,326.3103,340.0606,39785600,GOOGL,2026-03-27 20:30:02.813379,0.6666,332.4688,,15.7389
2026-01-30,337.7622,339.7608,332.0563,339.7608,31024000,GOOGL,2026-03-27 20:30:02.813379,-0.0739,333.8421,,7.7046
2026-02-02,343.4482,344.5874,335.3939,335.9835,32006100,GOOGL,2026-03-27 20:30:02.813379,1.6834,335.7194,,9.1935
2026-02-03,339.471,348.7545,337.2326,347.0956,36506700,GOOGL,2026-03-27 20:30:02.813379,-1.158,337.4011,,11.5219
2026-02-04,332.8057,343.0685,328.2889,342.7187,70618400,GOOGL,2026-03-27 20:30:02.813379,-1.9634,337.3697,,14.7796
2026-02-05,331.017,332.456,306.2444,312.0004,88205800,GOOGL,2026-03-27 20:30:02.813379,-0.5375,336.8986,,26.2116
2026-02-06,322.6329,330.1476,319.695,326.9498,56380500,GOOGL,2026-03-27 20:30:02.813379,-2.5328,335.0213,,10.4526
2026-02-09,324.0919,327.4695,317.0368,320.7042,39640100,GOOGL,2026-03-27 20:30:02.813379,0.4522,333.0327,,10.4327
2026-02-10,318.3559,321.4437,314.3887,320.7442,39170000,GOOGL,2026-03-27 20:30:02.813379,-1.7699,330.2604,327.4778,7.0551
2026-02-11,310.7412,320.8341,309.4422,318.7456,45406400,GOOGL,2026-03-27 20:30:02.813379,-2.3919,325.5879,327.3912,11.392
2026-02-12,308.7826,316.0175,306.9839,311.8704,47761300,GOOGL,2026-03-27 20:30:02.813379,-0.6303,321.2039,327.2296,9.0336
2026-02-13,305.5049,308.4129,303.4963,307.5135,38499700,GOOGL,2026-03-27 20:30:02.813379,-1.0615,317.3038,326.9872,4.9166
2026-02-17,301.8075,304.2258,296.0416,299.8289,39247600,GOOGL,2026-03-27 20:30:02.813379,-1.2103,313.131,326.5498,8.1842
2026-02-18,303.1166,305.1652,301.0381,301.8775,28482100,GOOGL,2026-03-27 20:30:02.813379,0.4337,310.343,326.1098,4.1271
2026-02-19,302.637,305.2551,299.8289,301.6077,25834400,GOOGL,2026-03-27 20:30:02.813379,-0.1582,307.278,325.727,5.4262
2026-02-20,314.7584,316.2773,303.6862,304.1059,53210800,GOOGL,2026-03-27 20:30:02.813379,4.0053,306.764,325.4939,12.5911
2026-02-23,311.2709,319.2952,309.652,318.8256,31423000,GOOGL,2026-03-27 20:30:02.813379,-1.108,306.8397,325.0292,9.6432
2026-02-24,310.6813,312.0503,305.7148,310.3016,25615600,GOOGL,2026-03-27 20:30:02.813379,-0.1894,307.1109,324.4406,6.3355
2026-02-25,312.6799,313.4194,309.2223,311.8405,29963600,GOOGL,2026-03-27 20:30:02.813379,0.6433,308.1359,323.8091,4.1971
2026-02-26,307.1638,312.9197,302.1373,312.4201,36431200,GOOGL,2026-03-27 20:30:02.813379,-1.7641,308.9011,322.8567,10.7824
2026-02-27,311.5407,312.1503,303.5863,303.9261,44640600,GOOGL,2026-03-27 20:30:02.813379,1.4249,310.1046,322.0546,8.564
2026-03-02,306.3044,308.273,301.088,303.0167,34790200,GOOGL,2026-03-27 20:30:02.813379,-1.6808,310.6285,321.1799,7.1849
2026-03-03,303.3664,303.7262,296.5013,298.3799,35497000,GOOGL,2026-03-27 20:30:02.813379,-0.9592,309.001,320.2999,7.2249
2026-03-04,302.9168,305.2551,300.5384,302.677,29536200,GOOGL,2026-03-27 20:30:02.813379,-0.1482,307.8076,319.6713,4.7167
2026-03-05,300.6683,303.0866,297.7804,302.8268,35752300,GOOGL,2026-03-27 20:30:02.813379,-0.7423,306.3772,318.7553,5.3063
2026-03-06,298.31,300.3186,294.9724,295.8817,25576900,GOOGL,2026-03-27 20:30:02.813379,-0.7844,304.3243,317.6887,5.3462
2026-03-09,306.36,306.8,294.08,294.36,29312100,GOOGL,2026-03-27 20:30:02.813379,2.6985,304.2095,316.9774,12.72
2026-03-10,307.04,309.51,305.57,306.17,23239700,GOOGL,2026-03-27 20:30:02.813379,0.222,303.5666,316.1112,3.94
2026-03-11,308.7,311.42,305.92,306.75,24125700,GOOGL,2026-03-27 20:30:02.813379,0.5406,303.9088,315.2574,5.5
2026-03-12,303.55,308.94,301.03,306.82,24928300,GOOGL,2026-03-27 20:30:02.813379,-1.6683,303.935,314.1833,7.91
2026-03-13,302.28,307.69,300.44,307.01,23693100,GOOGL,2026-03-27 20:30:02.813379,-0.4184,303.844,312.9922,7.25
2026-03-16,305.56,306.49,303.02,304.35,23519700,GOOGL,2026-03-27 20:30:02.813379,1.0851,304.5429,311.9188,3.47
2026-03-17,310.92,311.42,305.5,305.86,21955200,GOOGL,2026-03-27 20:30:02.813379,1.7542,306.3443,310.8345,5.92
2026-03-18,307.69,312.47,306.93,309.27,20009800,GOOGL,2026-03-27 20:30:02.813379,-1.0389,306.5343,309.7751,5.54
2026-03-19,307.13,308.06,302.35,304.01,25075800,GOOGL,2026-03-27 20:30:02.813379,-0.182,306.5471,308.9193,5.71
2026-03-20,301.0,306.0,298.27,305.46,44364100,GOOGL,2026-03-27 20:30:02.813379,-1.9959,305.4471,307.9187,7.73
2026-03-23,302.06,305.98,300.93,302.11,29326900,GOOGL,2026-03-27 20:30:02.813379,0.3522,305.2343,307.2329,5.05
2026-03-24,290.44,299.92,290.33,299.2,36864300,GOOGL,2026-03-27 20:30:02.813379,-3.8469,303.5429,306.1112,9.59
2026-03-25,290.93,296.0,289.24,293.44,29460700,GOOGL,2026-03-27 20:30:02.813379,0.1687,301.4529,305.197,6.76
2026-03-26,280.92,287.95,278.5,287.91,39080600,GOOGL,2026-03-27 20:30:02.813379,-3.4407,297.1671,304.203,9.45
2026-03-27,274.86,279.37,273.95,277.275,25839548,GOOGL,2026-03-27 20:30:02.813379,-2.1572,292.4771,303.0722,5.42
2025-12-29,658.1265,659.6852,653.8302,657.4471,8506500,META,2026-03-27 20:30:03.664593,,,,5.855
2025-12-30,665.3803,671.6449,657.2773,658.1265,9187500,META,2026-03-27 20:30:03.664593,1.1022,,,14.3676
2025-12-31,659.5253,664.4311,658.8759,664.1813,7940400,META,2026-03-27 20:30:03.664593,-0.8799,,,5.5552
2026-01-02,649.8536,663.8217,642.9495,662.163,13726500,META,2026-03-27 20:30:03.664593,-1.4665,,,20.8721
2026-01-05,658.2264,663.9715,647.1959,650.4531,12213700,META,2026-03-27 20:30:03.664593,1.2884,,,16.7756
2026-01-06,660.0549,664.9507,651.3424,659.0058,11074400,META,2026-03-27 20:30:03.664593,0.2778,,,13.6083
2026-01-07,648.1351,658.5861,644.2584,655.0791,12846300,META,2026-03-27 20:30:03.664593,-1.8059,657.0432,,14.3278
2026-01-08,645.5073,646.5464,635.1761,645.3275,11921700,META,2026-03-27 20:30:03.664593,-0.4054,655.2404,,11.3703
2026-01-09,652.5013,654.3897,642.3001,644.8879,11634900,META,2026-03-27 20:30:03.664593,1.0835,653.4006,,12.0897
2026-01-12,641.4208,653.4105,640.6814,651.9718,14797200,META,2026-03-27 20:30:03.664593,-1.6982,650.8142,,12.7291
2026-01-13,630.5502,641.7206,623.5661,641.7206,18030400,META,2026-03-27 20:30:03.664593,-1.6948,648.0566,,18.1545
2026-01-14,614.9935,627.9124,614.2941,625.9641,15527900,META,2026-03-27 20:30:03.664593,-2.4672,641.8804,,13.6183
2026-01-15,620.2689,623.636,613.7045,617.9509,13076100,META,2026-03-27 20:30:03.664593,0.8578,636.1967,,9.9315
2026-01-16,619.7194,628.5419,619.5496,623.6461,17012500,META,2026-03-27 20:30:03.664593,-0.0886,632.1373,,8.9923
2026-01-20,603.6032,610.877,599.4867,607.36,15169600,META,2026-03-27 20:30:03.664593,-2.6006,626.151,,11.3903
2026-01-21,612.4357,617.7411,599.5667,606.221,14494700,META,2026-03-27 20:30:03.664593,1.4633,620.4274,,18.1744
2026-01-22,647.076,660.0049,626.014,628.8116,21394700,META,2026-03-27 20:30:03.664593,5.6562,621.2353,,33.9909
2026-01-23,658.1965,665.9198,643.8987,644.2184,22797700,META,2026-03-27 20:30:03.664593,1.7186,625.1847,,22.0211
2026-01-26,671.7848,674.7023,660.7243,664.561,16327400,META,2026-03-27 20:30:03.664593,2.0645,633.2978,,13.9781
2026-01-27,672.3943,676.241,664.0914,674.013,13297400,META,2026-03-27 20:30:03.664593,0.0907,640.7443,,12.1496
2026-01-28,668.1579,677.1003,665.5301,673.923,25709600,META,2026-03-27 20:30:03.664593,-0.63,647.664,,11.5701
2026-01-29,737.6784,743.3635,711.9404,736.7992,59852900,META,2026-03-27 20:30:03.664593,10.4048,666.8176,,31.4231
2026-01-30,715.8871,731.5437,712.9796,726.8777,23744600,META,2026-03-27 20:30:03.664593,-2.954,681.5964,,18.5641
2026-02-02,705.8057,720.6829,702.9182,713.9887,14365200,META,2026-03-27 20:30:03.664593,-1.4082,689.9864,,17.7648
2026-02-03,691.1083,716.3866,685.8228,706.7649,13760700,META,2026-03-27 20:30:03.664593,-2.0824,694.6881,,30.5639
2026-02-04,668.4177,688.2408,666.8891,687.1417,16882800,META,2026-03-27 20:30:03.664593,-3.2832,694.207,,21.3517
2026-02-05,669.6367,680.917,652.941,663.0124,17131800,META,2026-03-27 20:30:03.664593,0.1824,693.8131,,27.976
2026-02-06,660.8942,671.4151,645.9469,664.9207,18159300,META,2026-03-27 20:30:03.664593,-1.3056,692.7754,,25.4682
2026-02-09,676.6406,682.7254,658.2165,662.6127,14837500,META,2026-03-27 20:30:03.664593,2.3826,684.0558,,24.509
2026-02-10,670.1462,680.0677,669.217,677.0203,10455800,META,2026-03-27 20:30:03.664593,-0.9598,677.5213,658.4709,10.8508
2026-02-11,668.118,678.6889,656.5379,673.4234,14323800,META,2026-03-27 20:30:03.664593,-0.3027,672.1374,658.8039,22.1511
2026-02-12,649.2542,675.4217,644.7281,669.3969,14960100,META,2026-03-27 20:30:03.664593,-2.8234,666.1582,658.2664,30.6937
2026-02-13,639.2227,650.8727,634.0272,644.5481,12336400,META,2026-03-27 20:30:03.664593,-1.5451,661.9875,657.5896,16.8456
2026-02-17,638.7431,642.0503,628.2621,638.9529,12674700,META,2026-03-27 20:30:03.664593,-0.075,657.5741,657.2193,13.7882
2026-02-18,642.6697,644.4482,627.6127,633.2578,14649200,META,2026-03-27 20:30:03.664593,0.6147,654.9706,656.7007,16.8356
2026-02-19,644.2285,646.6364,636.1753,638.0237,10035700,META,2026-03-27 20:30:03.664593,0.2425,650.3403,656.1732,10.4611
2026-02-20,655.0991,662.7825,638.2336,639.1428,14183500,META,2026-03-27 20:30:03.664593,1.6874,648.1908,656.4053,24.5489
2026-02-23,636.7049,657.1374,635.456,651.9818,8605900,META,2026-03-27 20:30:03.664593,-2.8079,643.7032,656.1119,21.6814
2026-02-24,638.7531,640.5616,628.4419,632.5385,10135600,META,2026-03-27 20:30:03.664593,0.3217,642.203,655.6536,12.1196
2026-02-25,653.1308,653.3206,641.5907,641.9804,11330700,META,2026-03-27 20:30:03.664593,2.2509,644.1899,656.044,11.7299
2026-02-26,656.448,660.4346,646.9461,649.9935,10637700,META,2026-03-27 20:30:03.664593,0.5079,646.7192,656.9072,13.4885
2026-02-27,647.6255,648.8844,637.5741,642.8996,15703000,META,2026-03-27 20:30:03.664593,-1.344,647.4271,657.995,11.3103
2026-03-02,653.0009,659.3755,633.9572,636.6149,9816100,META,2026-03-27 20:30:03.664593,0.83,648.6803,659.086,25.4182
2026-03-03,654.5197,658.4762,638.2936,647.7354,12263800,META,2026-03-27 20:30:03.664593,0.2326,648.5976,660.246,20.1827
2026-03-04,667.1588,672.1945,657.1074,657.3972,10810100,META,2026-03-27 20:30:03.664593,1.931,652.9481,662.3646,15.0871
2026-03-05,660.0049,670.1263,649.7537,661.3638,13341400,META,2026-03-27 20:30:03.664593,-1.0723,655.9841,663.9502,20.3726
2026-03-06,644.3083,648.9144,635.5658,647.3458,13159400,META,2026-03-27 20:30:03.664593,-2.3783,654.7237,663.8579,13.3486
2026-03-09,646.8362,647.1959,626.2438,634.237,13489700,META,2026-03-27 20:30:03.664593,0.3923,653.3506,663.4793,20.952
2026-03-10,653.5105,659.7351,648.4448,653.0009,9859300,META,2026-03-27 20:30:03.664593,1.0318,654.1913,662.8701,11.2903
2026-03-11,654.2998,658.5562,647.8054,654.1999,8977200,META,2026-03-27 20:30:03.664593,0.1208,654.3769,662.267,10.7508
2026-03-12,637.6341,652.941,636.3552,648.1951,11617500,META,2026-03-27 20:30:03.664593,-2.5471,651.9647,661.2495,16.5858
2026-03-13,613.185,628.6317,609.0285,623.3563,18957600,META,2026-03-27 20:30:03.664593,-3.8343,644.2541,657.0997,19.6032
2026-03-16,627.45,634.75,623.1,632.0,15134900,META,2026-03-27 20:30:03.664593,2.3264,639.6034,654.1518,11.65
2026-03-17,622.66,636.55,621.7,627.99,10348800,META,2026-03-27 20:30:03.664593,-0.7634,636.5108,651.3803,14.85
2026-03-18,615.68,622.65,614.61,616.34,11726300,META,2026-03-27 20:30:03.664593,-1.121,632.0599,648.866,8.04
2026-03-19,606.7,613.0,602.26,612.15,13247700,META,2026-03-27 20:30:03.664593,-1.4585,625.3727,646.8088,10.74
2026-03-20,593.66,603.96,587.25,603.53,21214900,META,2026-03-27 20:30:03.664593,-2.1493,616.7099,644.2762,16.71
2026-03-23,604.06,608.64,599.01,605.79,13638000,META,2026-03-27 20:30:03.664593,1.7518,611.9136,642.3818,9.63
2026-03-24,592.92,601.0,591.0,599.1,10739700,META,2026-03-27 20:30:03.664593,-1.8442,609.0186,639.5911,10.0
2026-03-25,594.89,603.67,593.4,598.74,12585000,META,2026-03-27 20:30:03.664593,0.3323,604.3671,637.0825,10.27
2026-03-26,547.54,583.0,543.35,582.49,35780100,META,2026-03-27 20:30:03.664593,-7.9595,593.6357,633.0633,39.65
2026-03-27,526.41,543.5999,520.26,539.56,24042956,META,2026-03-27 20:30:03.664593,-3.8591,580.8828,628.9685,23.3399
2025-12-29,485.9908,487.2379,483.0774,483.7558,10893400,MSFT,2026-03-27 20:30:03.113955,,,,4.1605
2025-12-30,486.3699,488.5649,484.3944,484.8234,13944500,MSFT,2026-03-27 20:30:03.113955,0.078,,,4.1705
2025-12-31,482.5187,487.0284,482.1994,486.7291,15601600,MSFT,2026-03-27 20:30:03.113955,-0.7918,,,4.829
2026-01-02,471.863,483.5563,469.0893,483.2869,25571600,MSFT,2026-03-27 20:30:03.113955,-2.2083,,,14.467
2026-01-05,471.7732,474.9859,468.4308,472.9804,25250300,MSFT,2026-03-27 20:30:03.113955,-0.019,,,6.555
2026-01-06,477.4203,477.6498,468.6803,472.721,23037700,MSFT,2026-03-27 20:30:03.113955,1.197,,,8.9695
2026-01-07,482.369,488.5848,476.8616,478.6675,25564200,MSFT,2026-03-27 20:30:03.113955,1.0365,479.7578,,11.7232
2026-01-08,477.0212,481.5609,474.7763,480.1441,18162600,MSFT,2026-03-27 20:30:03.113955,-1.1087,478.4765,,6.7845
2026-01-09,478.1886,478.7273,471.1247,472.9805,18491000,MSFT,2026-03-27 20:30:03.113955,0.2447,477.3077,,7.6026
2026-01-12,476.0933,479.8946,474.5967,475.5845,23519900,MSFT,2026-03-27 20:30:03.113955,-0.4382,476.3898,,5.2979
2026-01-13,469.5982,474.6965,464.8889,473.599,28545800,MSFT,2026-03-27 20:30:03.113955,-1.3643,476.0663,,9.8076
2026-01-14,458.3339,467.1338,456.1289,465.3978,28184300,MSFT,2026-03-27 20:30:03.113955,-2.3987,474.1464,,11.0049
2026-01-15,455.6201,463.1928,454.8618,463.0631,23225800,MSFT,2026-03-27 20:30:03.113955,-0.5921,471.032,,8.331
2026-01-16,458.8128,462.1352,455.4405,456.7874,34246700,MSFT,2026-03-27 20:30:03.113955,0.7007,467.6669,,6.6947
2026-01-20,453.4849,455.7597,448.2569,450.1925,26130000,MSFT,2026-03-27 20:30:03.113955,-1.1612,464.3045,,7.5029
2026-01-21,443.0986,451.6591,437.681,451.5693,37980500,MSFT,2026-03-27 20:30:03.113955,-2.2903,459.2917,,13.9781
2026-01-22,450.1126,451.8088,443.6873,446.6006,25349400,MSFT,2026-03-27 20:30:03.113955,1.5829,455.5802,,8.1214
2026-01-23,464.8889,470.0272,449.504,450.841,38000200,MSFT,2026-03-27 20:30:03.113955,3.2828,454.9074,,20.5232
2026-01-26,469.209,473.17,460.9479,464.2504,29291200,MSFT,2026-03-27 20:30:03.113955,0.9293,456.461,,12.2221
2026-01-27,479.4856,481.7704,472.0825,472.6213,29213900,MSFT,2026-03-27 20:30:03.113955,2.1902,459.8704,,9.6879
2026-01-28,480.5332,482.6384,476.9115,482.1096,36875400,MSFT,2026-03-27 20:30:03.113955,0.2185,462.9733,,5.7269
2026-01-29,432.5128,441.4923,420.0612,438.988,128855300,MSFT,2026-03-27 20:30:03.113955,-9.9931,459.9773,,21.4311
2026-01-30,429.3101,438.5989,425.4789,438.1699,58566800,MSFT,2026-03-27 20:30:03.113955,-0.7405,458.0075,,13.12
2026-02-02,422.4059,429.7591,421.2884,429.2602,42219900,MSFT,2026-03-27 20:30:03.113955,-1.6082,454.0494,,8.4707
2026-02-03,410.2736,421.0889,407.6296,421.049,61424100,MSFT,2026-03-27 20:30:03.113955,-2.8722,446.2472,,13.4593
2026-02-04,413.2468,418.844,408.3081,410.0641,45012400,MSFT,2026-03-27 20:30:03.113955,0.7247,438.2526,,10.5359
2026-02-05,392.7735,407.3702,391.4266,406.5122,66289200,MSFT,2026-03-27 20:30:03.113955,-4.9542,425.8651,,15.9436
2026-02-06,400.2265,400.875,392.0252,398.261,53515300,MSFT,2026-03-27 20:30:03.113955,1.8975,414.3927,,8.8498
2026-02-09,412.6581,413.9452,399.9571,403.9281,45480500,MSFT,2026-03-27 20:30:03.113955,3.1062,411.5564,,13.9881
2026-02-10,412.3289,422.7152,411.7602,418.6644,44857900,MSFT,2026-03-27 20:30:03.113955,-0.0798,409.1305,453.2841,10.955
2026-02-11,403.4491,415.5116,400.0968,415.2322,42491000,MSFT,2026-03-27 20:30:03.113955,-2.1536,406.4224,450.5327,15.4148
2026-02-12,400.9249,405.275,397.1036,404.0777,40802400,MSFT,2026-03-27 20:30:03.113955,-0.6257,405.0868,447.6845,8.1714
2026-02-13,400.4061,404.6165,397.1435,403.529,34091600,MSFT,2026-03-27 20:30:03.113955,-0.1294,403.2525,444.9474,7.473
2026-02-17,395.9562,399.6079,393.6316,398.3109,32078800,MSFT,2026-03-27 20:30:03.113955,-1.1113,403.7071,442.4172,5.9763
2026-02-18,398.69,401.6433,395.4175,397.2233,23223400,MSFT,2026-03-27 20:30:03.113955,0.6904,403.4876,439.9811,6.2258
2026-02-19,398.46,404.43,396.67,400.69,28234000,MSFT,2026-03-27 20:30:03.113955,-0.0577,401.4593,437.3491,7.76
2026-02-20,397.23,400.12,395.16,396.11,34015200,MSFT,2026-03-27 20:30:03.113955,-0.3087,399.3023,434.5111,4.96
2026-02-23,384.47,395.36,383.1,395.0,43238300,MSFT,2026-03-27 20:30:03.113955,-3.2122,396.591,431.4261,12.26
2026-02-24,389.0,389.36,381.71,384.14,33884700,MSFT,2026-03-27 20:30:03.113955,1.1782,394.8875,428.4531,7.65
2026-02-25,400.6,401.47,390.16,390.53,43625500,MSFT,2026-03-27 20:30:03.113955,2.982,394.9152,425.9367,11.31
2026-02-26,401.72,407.49,398.74,404.71,34405900,MSFT,2026-03-27 20:30:03.113955,0.2796,395.7386,423.6741,8.75
2026-02-27,392.74,396.82,389.88,390.88,51367200,MSFT,2026-03-27 20:30:03.113955,-2.2354,394.8886,421.4876,6.94
2026-03-02,398.55,401.19,390.63,392.86,35474900,MSFT,2026-03-27 20:30:03.113955,1.4793,394.9014,419.5853,10.56
2026-03-03,403.93,406.7,392.67,393.14,38199200,MSFT,2026-03-27 20:30:03.113955,1.3499,395.8586,417.7559,14.03
2026-03-04,405.2,411.03,400.31,401.27,35808000,MSFT,2026-03-27 20:30:03.113955,0.3144,398.82,416.1464,10.72
2026-03-05,410.68,411.61,404.4,404.42,39001300,MSFT,2026-03-27 20:30:03.113955,1.3524,401.9171,415.0657,7.21
2026-03-06,408.96,413.05,408.51,409.2,31123900,MSFT,2026-03-27 20:30:03.113955,-0.4188,403.1114,413.694,4.54
2026-03-09,409.41,410.21,403.5,404.92,30131900,MSFT,2026-03-27 20:30:03.113955,0.11,404.21,411.8447,6.71
2026-03-10,405.76,410.2,402.93,410.03,31706400,MSFT,2026-03-27 20:30:03.113955,-0.8915,406.07,409.7297,7.27
2026-03-11,404.88,409.01,401.59,405.57,25512100,MSFT,2026-03-27 20:30:03.113955,-0.2169,406.9743,407.2429,7.42
2026-03-12,401.86,406.12,401.71,404.63,27263900,MSFT,2026-03-27 20:30:03.113955,-0.7459,406.6786,404.6204,4.41
2026-03-13,395.55,404.8,394.25,401.0,26848000,MSFT,2026-03-27 20:30:03.113955,-1.5702,405.3,403.3883,10.55
2026-03-16,399.95,400.63,394.79,398.07,27733700,MSFT,2026-03-27 20:30:03.113955,1.1124,403.7671,402.4097,5.84
2026-03-17,399.41,404.4,397.75,400.27,26228300,MSFT,2026-03-27 20:30:03.113955,-0.135,402.4029,401.6431,6.65
2026-03-18,391.79,398.0,391.0,397.13,25908500,MSFT,2026-03-27 20:30:03.113955,-1.9078,399.8857,401.027,7.0
2026-03-19,389.02,392.49,387.06,390.1,25138800,MSFT,2026-03-27 20:30:03.113955,-0.707,397.4943,400.2194,5.43
2026-03-20,381.87,387.0,380.12,386.79,50853200,MSFT,2026-03-27 20:30:03.113955,-1.838,394.2071,399.856,6.88
2026-03-23,383.0,387.21,381.68,383.9,29680100,MSFT,2026-03-27 20:30:03.113955,0.2959,391.5129,399.2818,5.53
2026-03-24,372.74,382.47,371.85,382.36,42733600,MSFT,2026-03-27 20:30:03.113955,-2.6789,388.2543,397.9512,10.62
2026-03-25,371.04,377.06,369.63,376.92,31181200,MSFT,2026-03-27 20:30:03.113955,-0.4561,384.1243,396.5749,7.43
2026-03-26,365.97,374.72,365.19,370.82,36836600,MSFT,2026-03-27 20:30:03.113955,-1.3664,379.3471,395.3256,9.53
2026-03-27,357.62,362.425,356.58,362.04,27236997,MSFT,2026-03-27 20:30:03.113955,-2.2816,374.4657,393.8821,5.845
